PRAGMA foreign_keys=OFF;
BEGIN TRANSACTION;
CREATE TABLE domains (domain TEXT, ID INTEGER PRIMARY KEY);
INSERT INTO "domains" VALUES('siridia.de',1);
INSERT INTO "domains" VALUES('siridia.com',2);
INSERT INTO "domains" VALUES('siridia.net',3);
INSERT INTO "domains" VALUES('siridia.org',4);
CREATE TABLE variables (ID INTEGER PRIMARY KEY, name TEXT);
INSERT INTO "variables" VALUES(1,'WEB_SEARCH');
INSERT INTO "variables" VALUES(2,'DOMAIN_NAME');
INSERT INTO "variables" VALUES(3,'WEB_SEARCH_ALT');
INSERT INTO "variables" VALUES(4,'SEO_ANALYSER');
INSERT INTO "variables" VALUES(5,'SEO_ANALYSER_ALT');
INSERT INTO "variables" VALUES(6,'SUPPORT');
INSERT INTO "variables" VALUES(7,'SUPPORT_ALT');
INSERT INTO "variables" VALUES(8,'CONTACT');
INSERT INTO "variables" VALUES(9,'CONTACT_ALT');
INSERT INTO "variables" VALUES(10,'TERMS_OF_SERVICES');
INSERT INTO "variables" VALUES(11,'TERMS_OF_SERVICES_ALT');
INSERT INTO "variables" VALUES(12,'BLOG');
INSERT INTO "variables" VALUES(13,'BLOG_ALT');
INSERT INTO "variables" VALUES(14,'SEARCH_BUTTON_VALUE');
INSERT INTO "variables" VALUES(15,'ANALYSE_BUTTON_VALUE');
INSERT INTO "variables" VALUES(16,'ANALYSE_HINT');
CREATE TABLE variables_domains (DOMAIN_ID NUMERIC, ID INTEGER PRIMARY KEY, VARIABLE_ID NUMERIC, WORD_ID NUMERIC);
INSERT INTO "variables_domains" VALUES(1,1,1,1);
INSERT INTO "variables_domains" VALUES(2,2,1,2);
INSERT INTO "variables_domains" VALUES(3,3,1,3);
INSERT INTO "variables_domains" VALUES(4,4,1,3);
INSERT INTO "variables_domains" VALUES(1,5,2,4);
INSERT INTO "variables_domains" VALUES(2,6,2,5);
INSERT INTO "variables_domains" VALUES(3,7,2,6);
INSERT INTO "variables_domains" VALUES(4,8,2,7);
INSERT INTO "variables_domains" VALUES(1,9,3,8);
INSERT INTO "variables_domains" VALUES(2,10,3,9);
INSERT INTO "variables_domains" VALUES(3,11,3,3);
INSERT INTO "variables_domains" VALUES(4,12,3,3);
INSERT INTO "variables_domains" VALUES(1,13,4,10);
INSERT INTO "variables_domains" VALUES(2,14,4,11);
INSERT INTO "variables_domains" VALUES(3,15,4,3);
INSERT INTO "variables_domains" VALUES(4,16,4,3);
INSERT INTO "variables_domains" VALUES(1,17,5,12);
INSERT INTO "variables_domains" VALUES(2,18,5,13);
INSERT INTO "variables_domains" VALUES(3,19,5,3);
INSERT INTO "variables_domains" VALUES(4,20,5,3);
INSERT INTO "variables_domains" VALUES(1,21,6,14);
INSERT INTO "variables_domains" VALUES(2,22,6,15);
INSERT INTO "variables_domains" VALUES(3,23,6,3);
INSERT INTO "variables_domains" VALUES(4,24,6,3);
INSERT INTO "variables_domains" VALUES(1,25,7,17);
INSERT INTO "variables_domains" VALUES(2,26,7,16);
INSERT INTO "variables_domains" VALUES(3,27,7,3);
INSERT INTO "variables_domains" VALUES(4,28,7,3);
INSERT INTO "variables_domains" VALUES(1,29,8,18);
INSERT INTO "variables_domains" VALUES(2,30,8,19);
INSERT INTO "variables_domains" VALUES(3,31,8,3);
INSERT INTO "variables_domains" VALUES(4,32,8,3);
INSERT INTO "variables_domains" VALUES(1,33,9,18);
INSERT INTO "variables_domains" VALUES(2,34,9,20);
INSERT INTO "variables_domains" VALUES(3,35,9,3);
INSERT INTO "variables_domains" VALUES(4,36,9,3);
INSERT INTO "variables_domains" VALUES(1,37,10,24);
INSERT INTO "variables_domains" VALUES(2,38,10,22);
INSERT INTO "variables_domains" VALUES(3,39,10,3);
INSERT INTO "variables_domains" VALUES(4,40,10,3);
INSERT INTO "variables_domains" VALUES(1,41,11,23);
INSERT INTO "variables_domains" VALUES(2,42,11,22);
INSERT INTO "variables_domains" VALUES(3,43,11,3);
INSERT INTO "variables_domains" VALUES(4,44,11,3);
INSERT INTO "variables_domains" VALUES(1,45,12,25);
INSERT INTO "variables_domains" VALUES(2,46,12,26);
INSERT INTO "variables_domains" VALUES(3,47,12,3);
INSERT INTO "variables_domains" VALUES(4,48,12,3);
INSERT INTO "variables_domains" VALUES(1,49,13,27);
INSERT INTO "variables_domains" VALUES(2,50,13,28);
INSERT INTO "variables_domains" VALUES(3,51,13,3);
INSERT INTO "variables_domains" VALUES(4,52,13,3);
INSERT INTO "variables_domains" VALUES(1,53,14,29);
INSERT INTO "variables_domains" VALUES(2,54,14,2);
INSERT INTO "variables_domains" VALUES(3,55,14,3);
INSERT INTO "variables_domains" VALUES(4,56,14,3);
INSERT INTO "variables_domains" VALUES(1,57,15,30);
INSERT INTO "variables_domains" VALUES(2,58,15,31);
INSERT INTO "variables_domains" VALUES(3,59,15,3);
INSERT INTO "variables_domains" VALUES(4,60,15,3);
INSERT INTO "variables_domains" VALUES(1,61,16,35);
INSERT INTO "variables_domains" VALUES(2,62,16,33);
INSERT INTO "variables_domains" VALUES(3,63,16,3);
INSERT INTO "variables_domains" VALUES(4,64,16,3);
CREATE TABLE words (ID INTEGER PRIMARY KEY, word TEXT);
INSERT INTO "words" VALUES(1,'Web-Suche');
INSERT INTO "words" VALUES(2,'search');
INSERT INTO "words" VALUES(3,'');
INSERT INTO "words" VALUES(4,'siridia.de');
INSERT INTO "words" VALUES(5,'siridia.com');
INSERT INTO "words" VALUES(6,'siridia.net');
INSERT INTO "words" VALUES(7,'siridia.org');
INSERT INTO "words" VALUES(8,'web suche');
INSERT INTO "words" VALUES(9,'web search');
INSERT INTO "words" VALUES(10,'Online SEO Analyse');
INSERT INTO "words" VALUES(11,'online seo analysis');
INSERT INTO "words" VALUES(12,'SEO spezifische Analyse von Webseiten');
INSERT INTO "words" VALUES(13,'seo specific analysis of webpages');
INSERT INTO "words" VALUES(14,'Support');
INSERT INTO "words" VALUES(15,'support');
INSERT INTO "words" VALUES(16,'support and services');
INSERT INTO "words" VALUES(17,'Support und Dienstleistungen');
INSERT INTO "words" VALUES(18,'Kontakt');
INSERT INTO "words" VALUES(19,'contact');
INSERT INTO "words" VALUES(20,'contact us');
INSERT INTO "words" VALUES(21,'Nutzungsbedingung');
INSERT INTO "words" VALUES(22,'terms of services');
INSERT INTO "words" VALUES(23,'Nutzungsbedingungen und Allgemeine Gesch&auml;ftsbedingungen');
INSERT INTO "words" VALUES(24,'Nutzungsbedingungen');
INSERT INTO "words" VALUES(25,'Blog');
INSERT INTO "words" VALUES(26,'blog');
INSERT INTO "words" VALUES(27,'SIRIDIA Blog f&uuml;r SEO und Suchmaschinen spezifische Themen');
INSERT INTO "words" VALUES(28,'SIRIDIA blog for SEO and search engine specific topics');
INSERT INTO "words" VALUES(29,'Suchen');
INSERT INTO "words" VALUES(30,'Analysieren');
INSERT INTO "words" VALUES(31,'analyse');
INSERT INTO "words" VALUES(32,'HTML oder URL eingeben (URLs m&uuml;ssen mit h');
INSERT INTO "words" VALUES(33,'insert html or url (urls need to begin with http://)');
INSERT INTO "words" VALUES(34,'HTML oder URL eingeben (URLs m&uuml;ssen mit http:// beginnen');
INSERT INTO "words" VALUES(35,'HTML oder URL eingeben (URLs m&uuml;ssen mit http:// beginnen)');
CREATE INDEX idx_variables_domains_domain_id ON variables_domains(DOMAIN_ID ASC);
CREATE INDEX idx_variables_domains_variable_id ON variables_domains(VARIABLE_ID ASC);
CREATE INDEX idx_variables_domains_word_id ON variables_domains(WORD_ID ASC);
CREATE UNIQUE INDEX idx_variables_name ON variables(name ASC);
CREATE UNIQUE INDEX idx_words_word ON words(word ASC);
COMMIT;

